user_id,first_name,last_name,email,country,date_of_birth
Y_U0001,Craig,Watson,david89@example.com,Benin,2005-08-25
Y_U0002,Andrew,Glover,blakechristopher@example.com,Rwanda,1983-07-28
Y_U0003,Kyle,Fisher,martinmartin@example.com,Korea,1986-03-26
Y_U0004,Adam,Hall,vstephens@example.org,Gibraltar,2000-10-28
Y_U0005,Cody,Kane,johnsonbill@example.com,Tokelau,1969-07-11
Y_U0006,Jamie,Jones,rachel04@example.org,Benin,1997-09-23
Y_U0007,Kevin,Taylor,chris59@example.net,Jamaica,1987-04-09
Y_U0008,Brandon,Prince,smithzachary@example.com,Guatemala,1966-12-09
Y_U0009,Teresa,Harper,bobbyrhodes@example.net,Solomon Islands,1987-01-19
Y_U0010,Christopher,Cohen,hharris@example.org,Saint Pierre and Miquelon,1970-01-14
Y_U0011,Angel,Huff,cjackson@example.org,Gabon,1966-04-02
Y_U0012,Ashley,Gordon,teresavaldez@example.org,Macao,2006-02-10
Y_U0013,Sergio,Rowe,phillip16@example.org,Jordan,1962-05-24
Y_U0014,Larry,Cole,cgreen@example.com,Congo,1994-01-30
Y_U0015,Ashley,Smith,ericjones@example.net,Guadeloupe,1973-08-22
Y_U0016,Amanda,Daniel,hwhite@example.com,Lithuania,1996-09-28
Y_U0017,Kayla,Sullivan,lyoung@example.org,Sudan,2000-06-14
Y_U0018,Eric,Hunt,tmorales@example.net,Lebanon,1997-09-07
Y_U0019,Diana,Murray,john17@example.org,Greece,1971-07-04
Y_U0020,Ricky,Stone,xbush@example.com,Canada,1975-02-08
Y_U0021,Tony,Henry,rebecca41@example.net,Norfolk Island,1960-03-16
Y_U0022,Michael,Romero,andrewsleah@example.org,Turkey,1960-08-06
Y_U0023,Victoria,Jones,james30@example.net,United States of America,1985-02-05
Y_U0024,Alexis,Baker,bcollins@example.net,Montserrat,1964-02-12
Y_U0025,Gary,Williamson,wrightjerome@example.com,Brazil,2005-02-05
Y_U0026,Jeffrey,Hunter,joyce34@example.net,Cook Islands,1974-08-19
Y_U0027,Margaret,Smith,jacobvillanueva@example.net,Georgia,1965-04-06
Y_U0028,Joshua,Jones,youngjennifer@example.com,New Zealand,1976-09-03
Y_U0029,Lindsey,Brown,justin38@example.net,Turkmenistan,1970-11-22
Y_U0030,Heather,Miller,christine66@example.net,Micronesia,2003-05-20
Y_U0031,Andrea,Clark,stewartjessica@example.net,Croatia,1993-11-29
Y_U0032,Joshua,Baker,pricematthew@example.com,Netherlands,1986-02-05
Y_U0033,Nathaniel,Williams,jonathan40@example.com,Heard Island and McDonald Islands,1972-05-11
Y_U0034,Christie,Roy,gomezann@example.com,Sao Tome and Principe,1999-06-09
Y_U0035,Sean,Orr,victoria47@example.net,Qatar,1988-09-28
Y_U0036,Kevin,Perez,davidchristian@example.org,Tanzania,1978-09-24
Y_U0037,Lori,Russell,hobrooke@example.com,Saudi Arabia,1979-07-24
Y_U0038,Andrew,Suarez,seanwoods@example.org,Honduras,1978-08-24
Y_U0039,Emma,Merritt,alyons@example.org,Tunisia,2004-01-03
Y_U0040,Adam,Burns,williambrennan@example.org,Sweden,1970-02-07
Y_U0041,Christine,Watkins,christopherbarnes@example.net,Luxembourg,1996-04-05
Y_U0042,Lauren,Hart,clarkjames@example.com,Tonga,2006-04-19
Y_U0043,Kimberly,Jordan,jacksonlopez@example.com,Senegal,2000-07-06
Y_U0044,Andrew,Singh,nicolesanchez@example.com,Austria,1962-08-23
Y_U0045,Jennifer,Brown,lopezjared@example.net,Holy See (Vatican City State),2005-10-09
Y_U0046,Noah,Hicks,michael91@example.org,Israel,1972-05-25
Y_U0047,Jordan,Hill,zacharyellis@example.org,Central African Republic,2005-07-14
Y_U0048,Michele,Kelly,joycephillip@example.net,Mauritania,1961-06-27
Y_U0049,Paul,Padilla,kjohnson@example.net,Northern Mariana Islands,1988-01-12
Y_U0050,Richard,Boyd,kimberly96@example.com,Holy See (Vatican City State),1981-02-26
Y_U0051,Frank,Baxter,nmoore@example.net,Grenada,2006-10-02
Y_U0052,Morgan,Jenkins,branchkristy@example.net,Saint Barthelemy,1999-01-12
Y_U0053,James,Miller,ocastro@example.net,United States of America,1989-12-23
Y_U0054,Manuel,Elliott,bmiller@example.net,Thailand,1960-04-06
Y_U0055,Michele,Hernandez,ncurtis@example.com,Mauritius,1960-05-10
Y_U0056,Roger,Leblanc,aaron20@example.net,Ecuador,2000-11-15
Y_U0057,Robert,Walker,roy57@example.com,Marshall Islands,1979-07-09
Y_U0058,Gregory,Nelson,schroedermichael@example.org,Saint Vincent and the Grenadines,1990-06-23
Y_U0059,Gavin,Monroe,jenniferharris@example.com,Jamaica,1960-05-17
Y_U0060,Megan,Giles,aaron52@example.org,Barbados,1974-11-05
Y_U0061,Samantha,Jackson,julia68@example.org,Greenland,1975-06-18
Y_U0062,Jessica,Curry,rick71@example.org,Svalbard & Jan Mayen Islands,1961-01-21
Y_U0063,Nicholas,Moore,mark22@example.org,Zambia,1983-09-13
Y_U0064,Kristy,Fox,megansnyder@example.com,Grenada,1978-09-18
Y_U0065,Austin,Thompson,myoung@example.net,Mali,1975-07-08
Y_U0066,Alexander,Castillo,jessicanelson@example.net,Wallis and Futuna,1980-09-14
Y_U0067,Barbara,Smith,dudleymallory@example.net,Brunei Darussalam,1965-09-19
Y_U0068,Elizabeth,Moody,sanchezscott@example.com,Sierra Leone,1989-07-30
Y_U0069,Megan,Manning,ubentley@example.com,Turkey,2000-08-15
Y_U0070,Sharon,Rivas,brenda68@example.net,Austria,1988-01-17
Y_U0071,Nathan,Greene,vegakelly@example.net,Barbados,1999-11-08
Y_U0072,Kaitlin,Francis,hprice@example.com,Heard Island and McDonald Islands,1997-10-27
Y_U0073,Carol,Moore,stephanie72@example.com,Korea,1999-07-22
Y_U0074,Dennis,Taylor,paultaylor@example.com,Nauru,1985-01-31
Y_U0075,Lisa,Hernandez,ugarrison@example.org,Haiti,1999-12-30
Y_U0076,Christine,Perez,iking@example.com,Micronesia,1984-09-02
Y_U0077,Eric,White,gshelton@example.com,Afghanistan,2000-06-09
Y_U0078,Linda,Kennedy,christopherhoover@example.org,French Polynesia,2006-06-08
Y_U0079,Robert,Peterson,kgeorge@example.com,Czech Republic,1986-11-03
Y_U0080,Sherri,Duncan,kimberlyhodges@example.org,Qatar,1963-03-05
Y_U0081,Dustin,Henson,aprilperkins@example.net,Barbados,1979-12-14
Y_U0082,Amy,Baker,cainsarah@example.com,Singapore,1976-05-29
Y_U0083,Robert,Villanueva,colleenray@example.org,Israel,1968-02-07
Y_U0084,Carla,Huynh,wilsonjames@example.net,Nauru,1996-04-24
Y_U0085,Yvonne,Castillo,christina78@example.net,Azerbaijan,1977-12-18
Y_U0086,Jessica,Baker,dixonkirk@example.net,Israel,1982-09-23
Y_U0087,Gabriel,Stewart,christopher47@example.net,Eritrea,2003-09-08
Y_U0088,Marie,Miller,kevin21@example.net,Gibraltar,1979-12-27
Y_U0089,Jerry,Jones,sdonaldson@example.net,Japan,1989-03-01
Y_U0090,Thomas,Scott,fernandezjennifer@example.net,Saint Lucia,1980-03-24
Y_U0091,Sandy,Perkins,albert79@example.com,Niger,1988-03-24
Y_U0092,Connie,Williams,gvaldez@example.com,Paraguay,1989-06-23
Y_U0093,Sandra,Hodges,kimberly48@example.org,Uruguay,1980-10-22
Y_U0094,Alison,Hess,campbelljennifer@example.com,Belize,1979-05-05
Y_U0095,Zachary,Perez,emilythornton@example.net,Algeria,2002-09-30
Y_U0096,Ashley,Mendez,laura46@example.net,Russian Federation,1961-03-12
Y_U0097,Cynthia,Smith,william82@example.com,North Macedonia,2002-06-05
Y_U0098,Kevin,Mclaughlin,brian58@example.net,Cameroon,1980-02-11
Y_U0099,Maria,Gaines,albertsharp@example.org,Qatar,1984-11-09
Y_U0100,Carla,Gray,johnsontammy@example.net,Niger,1974-02-23
